id,artist,sculpt,name,img
bb6e9ce3,Crystal Pieces,Suptonia,The Origin (crystal),https://cdn.keycap-archivist.com/keycaps/bb6e9ce3.jpg
b405c89c,Crystal Pieces,Suptonia,The Origin (holo),https://cdn.keycap-archivist.com/keycaps/b405c89c.jpg
3869c6c2,Crystal Pieces,Suptonia,The Origin (nuclear),https://cdn.keycap-archivist.com/keycaps/3869c6c2.jpg
abd22a70,Crystal Pieces,Suptonia,Supr1nk (crystal),https://cdn.keycap-archivist.com/keycaps/abd22a70.jpg
2b9bb676,Crystal Pieces,Suptonia,Supr1nk (holo),https://cdn.keycap-archivist.com/keycaps/2b9bb676.jpg
b3a80bcc,Crystal Pieces,Suptonia,Supr1nk (nuclear),https://cdn.keycap-archivist.com/keycaps/b3a80bcc.jpg
d2eae7b4,Crystal Pieces,Suptonia,Carbonara (crystal),https://cdn.keycap-archivist.com/keycaps/d2eae7b4.jpg
34a3b81d,Crystal Pieces,Suptonia,Carbonara (holo),https://cdn.keycap-archivist.com/keycaps/34a3b81d.jpg
9bebcda9,Crystal Pieces,Suptonia,Carbonara (nuclear),https://cdn.keycap-archivist.com/keycaps/9bebcda9.jpg
6d3bb314,Crystal Pieces,Suptonia,Achromat (holo),https://cdn.keycap-archivist.com/keycaps/6d3bb314.jpg
77ae9da2,Crystal Pieces,Suptonia,Achromat (Snowy),https://cdn.keycap-archivist.com/keycaps/77ae9da2.jpg
d9235618,Crystal Pieces,Suptonia,Achromat (Nuclear),https://cdn.keycap-archivist.com/keycaps/d9235618.jpg
f4c4275,Crystal Pieces,Suptonia,Pink Soldiers (circle),https://cdn.keycap-archivist.com/keycaps/f4c4275.jpg
2ad82595,Crystal Pieces,Suptonia,Pink Soldiers (triangle),https://cdn.keycap-archivist.com/keycaps/2ad82595.jpg
e9b1a8cc,Crystal Pieces,Suptonia,Pink Soldiers (square),https://cdn.keycap-archivist.com/keycaps/e9b1a8cc.jpg
e8c53a7d,Crystal Pieces,Suptonia,Grim Reaper,https://cdn.keycap-archivist.com/keycaps/e8c53a7d.jpg
e294428d,Crystal Pieces,Suptonia,Svemir (crystal),https://cdn.keycap-archivist.com/keycaps/e294428d.jpg
1695a7f9,Crystal Pieces,Suptonia,Svemir (holo),https://cdn.keycap-archivist.com/keycaps/1695a7f9.jpg
4ab1d20d,Crystal Pieces,Suptonia,Svemir (nuclear),https://cdn.keycap-archivist.com/keycaps/4ab1d20d.jpg
c5ea38cd,Crystal Pieces,Suptonia,Lazurite,https://cdn.keycap-archivist.com/keycaps/c5ea38cd.jpg
72c5f507,Crystal Pieces,Suptonia,X-mas (black holo),https://cdn.keycap-archivist.com/keycaps/72c5f507.jpg
efc53e5c,Crystal Pieces,Suptonia,X-mas (black nuclear),https://cdn.keycap-archivist.com/keycaps/efc53e5c.jpg
d8700d62,Crystal Pieces,Suptonia,X-mas (red holo),https://cdn.keycap-archivist.com/keycaps/d8700d62.jpg
70527431,Crystal Pieces,Suptonia,X-mas (red nuclear),https://cdn.keycap-archivist.com/keycaps/70527431.jpg
55d4cbc6,Crystal Pieces,Suptonia,Illumination (black holo),https://cdn.keycap-archivist.com/keycaps/55d4cbc6.jpg
9a78fe82,Crystal Pieces,Suptonia,Illumination (nuclear),https://cdn.keycap-archivist.com/keycaps/9a78fe82.jpg
dc87f3a3,Crystal Pieces,Suptonia,Illumination (yellow holo),https://cdn.keycap-archivist.com/keycaps/dc87f3a3.jpg
e6f3ea9,Crystal Pieces,Suptonia,Blackink (crystal),https://cdn.keycap-archivist.com/keycaps/e6f3ea9.jpg
eee4c25e,Crystal Pieces,Suptonia,Blackink (holo),https://cdn.keycap-archivist.com/keycaps/eee4c25e.jpg
a222076,Crystal Pieces,Suptonia,Blackink (nuclear),https://cdn.keycap-archivist.com/keycaps/a222076.jpg
a67367d1,Crystal Pieces,Suptonia,Latte (holo),https://cdn.keycap-archivist.com/keycaps/a67367d1.jpg
9c2d18a5,Crystal Pieces,Suptonia,Latte (nuclear),https://cdn.keycap-archivist.com/keycaps/9c2d18a5.jpg
ddcec7b,Crystal Pieces,Suptonia,EVA 01,https://cdn.keycap-archivist.com/keycaps/ddcec7b.jpg
3f0d33fd,Crystal Pieces,Suptonia,EVA (holo),https://cdn.keycap-archivist.com/keycaps/3f0d33fd.jpg
eb535cdf,Crystal Pieces,Suptonia,EVA (nuclear),https://cdn.keycap-archivist.com/keycaps/eb535cdf.jpg
d0e28f45,Crystal Pieces,Suptonia,Akatsuki (jutsu),https://cdn.keycap-archivist.com/keycaps/d0e28f45.jpg
2f1424aa,Crystal Pieces,Suptonia,Akatsuki (holo),https://cdn.keycap-archivist.com/keycaps/2f1424aa.jpg
1cc73456,Crystal Pieces,Suptonia,Akatsuki (nuclear),https://cdn.keycap-archivist.com/keycaps/1cc73456.jpg
1dea7c4a,Crystal Pieces,Suptonia,Hyperfuse (crystal),https://cdn.keycap-archivist.com/keycaps/1dea7c4a.jpg
10725a9e,Crystal Pieces,Suptonia,Hyperfuse (holo),https://cdn.keycap-archivist.com/keycaps/10725a9e.jpg
a32ad4ac,Crystal Pieces,Suptonia,Hyperfuse (nuclear),https://cdn.keycap-archivist.com/keycaps/a32ad4ac.jpg
8bdb70b9,Crystal Pieces,Suptonia,Camouflage (holo),https://cdn.keycap-archivist.com/keycaps/8bdb70b9.jpg
116bba97,Crystal Pieces,Suptonia,Camouflage (nuclear),https://cdn.keycap-archivist.com/keycaps/116bba97.jpg
693364d7,Crystal Pieces,Suptonia,Cream Matcha (cream holo),https://cdn.keycap-archivist.com/keycaps/693364d7.jpg
7422fddd,Crystal Pieces,Suptonia,Cream Matcha (cream nuclear),https://cdn.keycap-archivist.com/keycaps/7422fddd.jpg
bc45b22e,Crystal Pieces,Suptonia,Cream Matcha (matcha holo),https://cdn.keycap-archivist.com/keycaps/bc45b22e.jpg
5ff40280,Crystal Pieces,Suptonia,Cream Matcha (matcha nuclear),https://cdn.keycap-archivist.com/keycaps/5ff40280.jpg
531896cc,Crystal Pieces,Suptonia,Candy Crush,https://cdn.keycap-archivist.com/keycaps/531896cc.jpg
65a90e0b,Crystal Pieces,Suptonia,The Villains (Zod),https://cdn.keycap-archivist.com/keycaps/65a90e0b.jpg
6a7fded2,Crystal Pieces,Suptonia,The Villains (black holo),https://cdn.keycap-archivist.com/keycaps/6a7fded2.jpg
40b175ec,Crystal Pieces,Suptonia,Dogoverse (holo),https://cdn.keycap-archivist.com/keycaps/40b175ec.jpg
a571e45b,Crystal Pieces,Suptonia,Dogoverse (madness),https://cdn.keycap-archivist.com/keycaps/a571e45b.jpg
35104bcc,Crystal Pieces,Suptonia,Dogoverse (nuclear),https://cdn.keycap-archivist.com/keycaps/35104bcc.jpg
b48d9c98,Crystal Pieces,Suptonia,Lunar,https://cdn.keycap-archivist.com/keycaps/b48d9c98.jpg
ba09655a,Crystal Pieces,Batonion,The Origin (crystal),https://cdn.keycap-archivist.com/keycaps/ba09655a.jpg
a74c8777,Crystal Pieces,Batonion,The Origin (holo),https://cdn.keycap-archivist.com/keycaps/a74c8777.jpg
e92c9529,Crystal Pieces,Batonion,The Origin (nuclear),https://cdn.keycap-archivist.com/keycaps/e92c9529.jpg
35b7a0e,Crystal Pieces,Batonion,Supr1nk (crystal),https://cdn.keycap-archivist.com/keycaps/35b7a0e.jpg
1b28c348,Crystal Pieces,Batonion,Supr1nk (holo),https://cdn.keycap-archivist.com/keycaps/1b28c348.jpg
99c7f78d,Crystal Pieces,Batonion,Supr1nk (nuclear),https://cdn.keycap-archivist.com/keycaps/99c7f78d.jpg
6df944e1,Crystal Pieces,Batonion,Carbonara (crystal),https://cdn.keycap-archivist.com/keycaps/6df944e1.jpg
cd49ba66,Crystal Pieces,Batonion,Carbonara (holo),https://cdn.keycap-archivist.com/keycaps/cd49ba66.jpg
18c06d7,Crystal Pieces,Batonion,Carbonara (nuclear),https://cdn.keycap-archivist.com/keycaps/18c06d7.jpg
fc1fcdff,Crystal Pieces,Batonion,Achromat (holo),https://cdn.keycap-archivist.com/keycaps/fc1fcdff.jpg
cc5509ab,Crystal Pieces,Batonion,Achromat (Snowy),https://cdn.keycap-archivist.com/keycaps/cc5509ab.jpg
a17d9899,Crystal Pieces,Batonion,Achromat (Nuclear),https://cdn.keycap-archivist.com/keycaps/a17d9899.jpg
3532946,Crystal Pieces,Batonion,Front Man,https://cdn.keycap-archivist.com/keycaps/3532946.jpg
6b624d3b,Crystal Pieces,Batonion,Frankenstein,https://cdn.keycap-archivist.com/keycaps/6b624d3b.jpg
6c135f98,Crystal Pieces,Batonion,No-Face,https://cdn.keycap-archivist.com/keycaps/6c135f98.jpg
a0e802d2,Crystal Pieces,Batonion,Svemir (crystal),https://cdn.keycap-archivist.com/keycaps/a0e802d2.jpg
2fd53d96,Crystal Pieces,Batonion,Svemir (holo),https://cdn.keycap-archivist.com/keycaps/2fd53d96.jpg
57f9f935,Crystal Pieces,Batonion,Svemir (nuclear),https://cdn.keycap-archivist.com/keycaps/57f9f935.jpg
ffd626c9,Crystal Pieces,Batonion,Lazurite,https://cdn.keycap-archivist.com/keycaps/ffd626c9.jpg
bd867073,Crystal Pieces,Batonion,X-mas (holo),https://cdn.keycap-archivist.com/keycaps/bd867073.jpg
c60a05c3,Crystal Pieces,Batonion,X-mas (nuclear),https://cdn.keycap-archivist.com/keycaps/c60a05c3.jpg
49c6b2df,Crystal Pieces,Batonion,Illumination (black holo),https://cdn.keycap-archivist.com/keycaps/49c6b2df.jpg
fc0226,Crystal Pieces,Batonion,Illumination (nuclear),https://cdn.keycap-archivist.com/keycaps/fc0226.jpg
65516878,Crystal Pieces,Batonion,Illumination (yellow holo),https://cdn.keycap-archivist.com/keycaps/65516878.jpg
c16eda9e,Crystal Pieces,Batonion,Blackink (crystal),https://cdn.keycap-archivist.com/keycaps/c16eda9e.jpg
b2a92c3b,Crystal Pieces,Batonion,Blackink (holo),https://cdn.keycap-archivist.com/keycaps/b2a92c3b.jpg
2355946f,Crystal Pieces,Batonion,Blackink (nuclear),https://cdn.keycap-archivist.com/keycaps/2355946f.jpg
911c80cd,Crystal Pieces,Batonion,Latte (holo),https://cdn.keycap-archivist.com/keycaps/911c80cd.jpg
a6d53766,Crystal Pieces,Batonion,Latte (nuclear),https://cdn.keycap-archivist.com/keycaps/a6d53766.jpg
6c1478b0,Crystal Pieces,Batonion,EVA 02,https://cdn.keycap-archivist.com/keycaps/6c1478b0.jpg
20e3db8c,Crystal Pieces,Batonion,EVA (holo),https://cdn.keycap-archivist.com/keycaps/20e3db8c.jpg
b4cb0cd2,Crystal Pieces,Batonion,EVA (nuclear),https://cdn.keycap-archivist.com/keycaps/b4cb0cd2.jpg
a28bfdcd,Crystal Pieces,Batonion,Akatsuki (jutsu),https://cdn.keycap-archivist.com/keycaps/a28bfdcd.jpg
c50c3785,Crystal Pieces,Batonion,Akatsuki (holo),https://cdn.keycap-archivist.com/keycaps/c50c3785.jpg
a997f65f,Crystal Pieces,Batonion,Akatsuki (nuclear),https://cdn.keycap-archivist.com/keycaps/a997f65f.jpg
52f86a3a,Crystal Pieces,Batonion,Hyperfuse (crystal),https://cdn.keycap-archivist.com/keycaps/52f86a3a.jpg
87ddc568,Crystal Pieces,Batonion,Hyperfuse (holo),https://cdn.keycap-archivist.com/keycaps/87ddc568.jpg
bdfa54ff,Crystal Pieces,Batonion,Hyperfuse (nuclear),https://cdn.keycap-archivist.com/keycaps/bdfa54ff.jpg
91b710b8,Crystal Pieces,Batonion,Camouflage (holo),https://cdn.keycap-archivist.com/keycaps/91b710b8.jpg
8be16fa0,Crystal Pieces,Batonion,Camouflage (nuclear),https://cdn.keycap-archivist.com/keycaps/8be16fa0.jpg
1d717da5,Crystal Pieces,Batonion,Cream Matcha (cream holo),https://cdn.keycap-archivist.com/keycaps/1d717da5.jpg
9cd23859,Crystal Pieces,Batonion,Cream Matcha (cream nuclear),https://cdn.keycap-archivist.com/keycaps/9cd23859.jpg
85ba373c,Crystal Pieces,Batonion,Cream Matcha (matcha holo),https://cdn.keycap-archivist.com/keycaps/85ba373c.jpg
14643070,Crystal Pieces,Batonion,Cream Matcha (matcha nuclear),https://cdn.keycap-archivist.com/keycaps/14643070.jpg
595df0bc,Crystal Pieces,Batonion,Candy Crush,https://cdn.keycap-archivist.com/keycaps/595df0bc.jpg
717e2838,Crystal Pieces,Batonion,The Villains (Joker),https://cdn.keycap-archivist.com/keycaps/717e2838.jpg
899e663d,Crystal Pieces,Batonion,The Villains (black holo),https://cdn.keycap-archivist.com/keycaps/899e663d.jpg
109bafc0,Crystal Pieces,Batonion,The Villains (blue holo),https://cdn.keycap-archivist.com/keycaps/109bafc0.jpg
62f15cf5,Crystal Pieces,Batonion,Dogoverse (holo),https://cdn.keycap-archivist.com/keycaps/62f15cf5.jpg
6810642e,Crystal Pieces,Batonion,Dogoverse (madness),https://cdn.keycap-archivist.com/keycaps/6810642e.jpg
b20929da,Crystal Pieces,Batonion,Dogoverse (nuclear),https://cdn.keycap-archivist.com/keycaps/b20929da.jpg
5a8f5764,Crystal Pieces,Batonion,Lunar,https://cdn.keycap-archivist.com/keycaps/5a8f5764.jpg
d40ff946,Crystal Pieces,Shazuski,The Origin (crystal),https://cdn.keycap-archivist.com/keycaps/d40ff946.jpg
c8afdd67,Crystal Pieces,Shazuski,The Origin (holo),https://cdn.keycap-archivist.com/keycaps/c8afdd67.jpg
a26a387d,Crystal Pieces,Shazuski,The Origin (nuclear),https://cdn.keycap-archivist.com/keycaps/a26a387d.jpg
6c3b7718,Crystal Pieces,Shazuski,Supr1nk (crystal),https://cdn.keycap-archivist.com/keycaps/6c3b7718.jpg
636706bb,Crystal Pieces,Shazuski,Supr1nk (holo),https://cdn.keycap-archivist.com/keycaps/636706bb.jpg
cb63756c,Crystal Pieces,Shazuski,Supr1nk (nuclear),https://cdn.keycap-archivist.com/keycaps/cb63756c.jpg
ca0a6e2b,Crystal Pieces,Shazuski,Carbonara (crystal),https://cdn.keycap-archivist.com/keycaps/ca0a6e2b.jpg
2ae0fa19,Crystal Pieces,Shazuski,Carbonara (holo),https://cdn.keycap-archivist.com/keycaps/2ae0fa19.jpg
82344b9d,Crystal Pieces,Shazuski,Carbonara (nuclear),https://cdn.keycap-archivist.com/keycaps/82344b9d.jpg
eb83ca3c,Crystal Pieces,Shazuski,Achromat (holo),https://cdn.keycap-archivist.com/keycaps/eb83ca3c.jpg
aa3bdeb9,Crystal Pieces,Shazuski,Achromat (Snowy),https://cdn.keycap-archivist.com/keycaps/aa3bdeb9.jpg
44c637f5,Crystal Pieces,Shazuski,Achromat (Nuclear),https://cdn.keycap-archivist.com/keycaps/44c637f5.jpg
c5404cc,Crystal Pieces,Shazuski,Squid Players ($),https://cdn.keycap-archivist.com/keycaps/c5404cc.jpg
217c779,Crystal Pieces,Shazuski,Squid Players (X),https://cdn.keycap-archivist.com/keycaps/217c779.jpg
4cacad45,Crystal Pieces,Shazuski,Pumpkinhead,https://cdn.keycap-archivist.com/keycaps/4cacad45.jpg
d788e2b6,Crystal Pieces,Shazuski,Svemir (crystal),https://cdn.keycap-archivist.com/keycaps/d788e2b6.jpg
20800dab,Crystal Pieces,Shazuski,Svemir (holo),https://cdn.keycap-archivist.com/keycaps/20800dab.jpg
76c6f0b,Crystal Pieces,Shazuski,Svemir (nuclear),https://cdn.keycap-archivist.com/keycaps/76c6f0b.jpg
432c235b,Crystal Pieces,Shazuski,Lazurite,https://cdn.keycap-archivist.com/keycaps/432c235b.jpg
e28b2ba3,Crystal Pieces,Shazuski,X-mas (holo),https://cdn.keycap-archivist.com/keycaps/e28b2ba3.jpg
fadd10d8,Crystal Pieces,Shazuski,X-mas (nuclear),https://cdn.keycap-archivist.com/keycaps/fadd10d8.jpg
7659175e,Crystal Pieces,Shazuski,Illumination (black holo),https://cdn.keycap-archivist.com/keycaps/7659175e.jpg
2006ea28,Crystal Pieces,Shazuski,Illumination (nuclear),https://cdn.keycap-archivist.com/keycaps/2006ea28.jpg
7f9b0aae,Crystal Pieces,Shazuski,Illumination (yellow holo),https://cdn.keycap-archivist.com/keycaps/7f9b0aae.jpg
5d09bb1,Crystal Pieces,Shazuski,Blackink (crystal),https://cdn.keycap-archivist.com/keycaps/5d09bb1.jpg
d5d32fe9,Crystal Pieces,Shazuski,Blackink (holo),https://cdn.keycap-archivist.com/keycaps/d5d32fe9.jpg
46abbf28,Crystal Pieces,Shazuski,Blackink (nuclear),https://cdn.keycap-archivist.com/keycaps/46abbf28.jpg
da11daa1,Crystal Pieces,Shazuski,Latte (holo),https://cdn.keycap-archivist.com/keycaps/da11daa1.jpg
7852c431,Crystal Pieces,Shazuski,Latte (nuclear),https://cdn.keycap-archivist.com/keycaps/7852c431.jpg
2f654da7,Crystal Pieces,Shazuski,EVA 00,https://cdn.keycap-archivist.com/keycaps/2f654da7.jpg
1a794c51,Crystal Pieces,Shazuski,EVA (holo),https://cdn.keycap-archivist.com/keycaps/1a794c51.jpg
374dbebb,Crystal Pieces,Shazuski,EVA (nuclear),https://cdn.keycap-archivist.com/keycaps/374dbebb.jpg
fd10a3ce,Crystal Pieces,Shazuski,Akatsuki (jutsu),https://cdn.keycap-archivist.com/keycaps/fd10a3ce.jpg
98ac20f,Crystal Pieces,Shazuski,Akatsuki (holo),https://cdn.keycap-archivist.com/keycaps/98ac20f.jpg
3da7fa3f,Crystal Pieces,Shazuski,Akatsuki (nuclear),https://cdn.keycap-archivist.com/keycaps/3da7fa3f.jpg
fb2c7c29,Crystal Pieces,Shazuski,Hyperfuse (crystal),https://cdn.keycap-archivist.com/keycaps/fb2c7c29.jpg
33af2254,Crystal Pieces,Shazuski,Hyperfuse (holo),https://cdn.keycap-archivist.com/keycaps/33af2254.jpg
323e3d75,Crystal Pieces,Shazuski,Hyperfuse (nuclear),https://cdn.keycap-archivist.com/keycaps/323e3d75.jpg
dffa442b,Crystal Pieces,Shazuski,Camouflage (holo),https://cdn.keycap-archivist.com/keycaps/dffa442b.jpg
febefed4,Crystal Pieces,Shazuski,Camouflage (nuclear),https://cdn.keycap-archivist.com/keycaps/febefed4.jpg
9fe04353,Crystal Pieces,Shazuski,Cream Matcha (cream holo),https://cdn.keycap-archivist.com/keycaps/9fe04353.jpg
b6574d30,Crystal Pieces,Shazuski,Cream Matcha (cream nuclear),https://cdn.keycap-archivist.com/keycaps/b6574d30.jpg
5b91317e,Crystal Pieces,Shazuski,Cream Matcha (matcha holo),https://cdn.keycap-archivist.com/keycaps/5b91317e.jpg
55610f80,Crystal Pieces,Shazuski,Cream Matcha (matcha nuclear),https://cdn.keycap-archivist.com/keycaps/55610f80.jpg
14737c94,Crystal Pieces,Shazuski,Candy Crush,https://cdn.keycap-archivist.com/keycaps/14737c94.jpg
6e1b32dd,Crystal Pieces,Shazuski,The Villains (Black Adam),https://cdn.keycap-archivist.com/keycaps/6e1b32dd.jpg
664993e3,Crystal Pieces,Shazuski,The Villains (black holo),https://cdn.keycap-archivist.com/keycaps/664993e3.jpg
59dc433f,Crystal Pieces,Shazuski,The Villains (yellow holo),https://cdn.keycap-archivist.com/keycaps/59dc433f.jpg
1caafcd4,Crystal Pieces,Shazuski,Lunar,https://cdn.keycap-archivist.com/keycaps/1caafcd4.jpg
104bc4e0,Crystal Pieces,Cytrinoid,The Origin,https://cdn.keycap-archivist.com/keycaps/104bc4e0.jpg
c0fdf80,Crystal Pieces,Cytrinoid,Carbonara,https://cdn.keycap-archivist.com/keycaps/c0fdf80.jpg
24315adb,Crystal Pieces,Cytrinoid,Uveon,https://cdn.keycap-archivist.com/keycaps/24315adb.jpg
db8794eb,Crystal Pieces,Cytrinoid,Blackjack,https://cdn.keycap-archivist.com/keycaps/db8794eb.jpg
adb3d427,Crystal Pieces,Cytrinoid,Mictlan,https://cdn.keycap-archivist.com/keycaps/adb3d427.jpg
ce7d69b,Crystal Pieces,Cytrinoid,Lime,https://cdn.keycap-archivist.com/keycaps/ce7d69b.jpg
647bdeb8,Crystal Pieces,Cytrinoid,Gundam,https://cdn.keycap-archivist.com/keycaps/647bdeb8.jpg
b970a14,Crystal Pieces,Viridios,The Origin,https://cdn.keycap-archivist.com/keycaps/b970a14.jpg
eac941a8,Crystal Pieces,Viridios,Carbonara,https://cdn.keycap-archivist.com/keycaps/eac941a8.jpg
b5ad4c59,Crystal Pieces,Viridios,Uveon,https://cdn.keycap-archivist.com/keycaps/b5ad4c59.jpg
5e6a37e5,Crystal Pieces,Viridios,Blackjack,https://cdn.keycap-archivist.com/keycaps/5e6a37e5.jpg
cc346c63,Crystal Pieces,Viridios,Mictlan,https://cdn.keycap-archivist.com/keycaps/cc346c63.jpg
db15b4cc,Crystal Pieces,Viridios,Lime,https://cdn.keycap-archivist.com/keycaps/db15b4cc.jpg
156662ad,Crystal Pieces,Viridios,Gundam,https://cdn.keycap-archivist.com/keycaps/156662ad.jpg
613c46ea,Crystal Pieces,.Diviana.,The Origin,https://cdn.keycap-archivist.com/keycaps/613c46ea.jpg
e6e5e599,Crystal Pieces,.Diviana.,Carbonara,https://cdn.keycap-archivist.com/keycaps/e6e5e599.jpg
7fa9ffca,Crystal Pieces,.Diviana.,Uveon,https://cdn.keycap-archivist.com/keycaps/7fa9ffca.jpg
56c5199,Crystal Pieces,.Diviana.,Dogoverse (holo),https://cdn.keycap-archivist.com/keycaps/56c5199.jpg
3326197c,Crystal Pieces,.Diviana.,Dogoverse (madness),https://cdn.keycap-archivist.com/keycaps/3326197c.jpg
f8472e07,Crystal Pieces,.Diviana.,Dogoverse (crystal),https://cdn.keycap-archivist.com/keycaps/f8472e07.jpg
d3b6978c,Crystal Pieces,.Diviana.,Blackjack,https://cdn.keycap-archivist.com/keycaps/d3b6978c.jpg
3a67ebb7,Crystal Pieces,.Diviana.,Mictlan,https://cdn.keycap-archivist.com/keycaps/3a67ebb7.jpg
e1a18085,Crystal Pieces,.Diviana.,Lime,https://cdn.keycap-archivist.com/keycaps/e1a18085.jpg
436cc263,Crystal Pieces,.Diviana.,Gundam,https://cdn.keycap-archivist.com/keycaps/436cc263.jpg
2dffa9b1,Crystal Pieces,Drageris (GB),All variants,https://cdn.keycap-archivist.com/keycaps/2dffa9b1.jpg
63452d64,Crystal Pieces,Drageris (GB),Zirconis,https://cdn.keycap-archivist.com/keycaps/63452d64.jpg
73d153ae,Crystal Pieces,Drageris (GB),Cotton Candy,https://cdn.keycap-archivist.com/keycaps/73d153ae.jpg
1fcabc25,Crystal Pieces,Drageris (GB),Aquaxerax,https://cdn.keycap-archivist.com/keycaps/1fcabc25.jpg
946d0337,Crystal Pieces,Drageris (GB),Reddeath,https://cdn.keycap-archivist.com/keycaps/946d0337.jpg
f7b5e294,Crystal Pieces,Drageris (GB),Blackburn,https://cdn.keycap-archivist.com/keycaps/f7b5e294.jpg
f6289c27,Crystal Pieces,Drageris (GB),Purixac,https://cdn.keycap-archivist.com/keycaps/f6289c27.jpg
b1229ad4,Crystal Pieces,Drageris (GB),Orange jelly (bundle order extra gift),https://cdn.keycap-archivist.com/keycaps/b1229ad4.jpg
9242f600,Crystal Pieces,Drageris (GB),Aureolin,https://cdn.keycap-archivist.com/keycaps/9242f600.jpg
e9aa334a,Crystal Pieces,Drageris (GB),Metalicana,https://cdn.keycap-archivist.com/keycaps/e9aa334a.jpg
e4e80d9,Crystal Pieces,Drageris (GB),Zaffrex,https://cdn.keycap-archivist.com/keycaps/e4e80d9.jpg
a3dc2b96,Crystal Pieces,Drageris (GB),Cinereosu,https://cdn.keycap-archivist.com/keycaps/a3dc2b96.jpg
58f1b6a4,Crystal Pieces,Drageris (GB),Matcha,https://cdn.keycap-archivist.com/keycaps/58f1b6a4.jpg
6224cd86,Crystal Pieces,Drageris,Baraxes,https://cdn.keycap-archivist.com/keycaps/6224cd86.jpg
31d40d6d,Crystal Pieces,Drageris,Gexarex,https://cdn.keycap-archivist.com/keycaps/31d40d6d.jpg
6edf46ca,Crystal Pieces,Drageris,Ozurite,https://cdn.keycap-archivist.com/keycaps/6edf46ca.jpg
a2b92340,Crystal Pieces,Drageris,VAC One-Off,https://cdn.keycap-archivist.com/keycaps/a2b92340.jpg
b6a4188b,Crystal Pieces,Drageris,VAC One-Off,https://cdn.keycap-archivist.com/keycaps/b6a4188b.jpg
26f46312,Crystal Pieces,Drageris,Santa,https://cdn.keycap-archivist.com/keycaps/26f46312.jpg
84ab231c,Crystal Pieces,Drageris,Blanta,https://cdn.keycap-archivist.com/keycaps/84ab231c.jpg
604d3116,Crystal Pieces,Drageris,Cupidon,https://cdn.keycap-archivist.com/keycaps/604d3116.jpg
117069b2,Crystal Pieces,Drageris,The Butcher,https://cdn.keycap-archivist.com/keycaps/117069b2.jpg
2cd7e6e0,Crystal Pieces,Drageris,Carbyon,https://cdn.keycap-archivist.com/keycaps/2cd7e6e0.jpg
1af07df5,Crystal Pieces,Drageris,Night Fury,https://cdn.keycap-archivist.com/keycaps/1af07df5.jpg
e07a7553,Crystal Pieces,Drageris,Daydream,https://cdn.keycap-archivist.com/keycaps/e07a7553.jpg
21d89069,Crystal Pieces,Drageris,Lunar,https://cdn.keycap-archivist.com/keycaps/21d89069.jpg
2e940354,Crystal Pieces,Drageris,Chainsaw,https://cdn.keycap-archivist.com/keycaps/2e940354.jpg
b8a7fc91,Crystal Pieces,Drageris,Watermelon (Apprentice),https://cdn.keycap-archivist.com/keycaps/b8a7fc91.jpg
fd2c612a,Crystal Pieces,Drageris,Watermelon (GOD),https://cdn.keycap-archivist.com/keycaps/fd2c612a.jpg
51d93e1d,Crystal Pieces,Drageris,Watatsumi,https://cdn.keycap-archivist.com/keycaps/51d93e1d.jpg
d7f67ed3,Crystal Pieces,Drageris,Kagutsuchi,https://cdn.keycap-archivist.com/keycaps/d7f67ed3.jpg
2fbbd6a5,Crystal Pieces,Drageris,Narukami,https://cdn.keycap-archivist.com/keycaps/2fbbd6a5.jpg
253a8c11,Crystal Pieces,Drageris,Kuraokami,https://cdn.keycap-archivist.com/keycaps/253a8c11.jpg
6ded1d36,Crystal Pieces,Drageris,Sakuya,https://cdn.keycap-archivist.com/keycaps/6ded1d36.jpg
ba2417b,Crystal Pieces,Drageris,Jiangshi,https://cdn.keycap-archivist.com/keycaps/ba2417b.jpg
1e5dc9b9,Crystal Pieces,Drageris,Onyx Mictlan,https://cdn.keycap-archivist.com/keycaps/1e5dc9b9.jpg
e63306ad,Crystal Pieces,Drageris,Ruby Mictlan,https://cdn.keycap-archivist.com/keycaps/e63306ad.jpg
e0511b0f,Crystal Pieces,Drageris,Mario,https://cdn.keycap-archivist.com/keycaps/e0511b0f.jpg
eb6eb37f,Crystal Pieces,Drageris,Luigi,https://cdn.keycap-archivist.com/keycaps/eb6eb37f.jpg
6a632b74,Crystal Pieces,Drageris,Alpenglow,https://cdn.keycap-archivist.com/keycaps/6a632b74.jpg
6a29edc5,Crystal Pieces,Drageris,Bloodmoon Samurai,https://cdn.keycap-archivist.com/keycaps/6a29edc5.jpg
3bee74cf,Crystal Pieces,Drageris,Nightbringer Samurai,https://cdn.keycap-archivist.com/keycaps/3bee74cf.jpg
1c54070f,Crystal Pieces,Drageris,Ichigo,https://cdn.keycap-archivist.com/keycaps/1c54070f.jpg
7c60abbc,Crystal Pieces,Drageris,Strawberry,https://cdn.keycap-archivist.com/keycaps/7c60abbc.jpg
db74f836,Crystal Pieces,Drageris,Pineapple,https://cdn.keycap-archivist.com/keycaps/db74f836.jpg
81404db9,Crystal Pieces,Drageris,Pitaya,https://cdn.keycap-archivist.com/keycaps/81404db9.jpg
dc105285,Crystal Pieces,Drageris,GD,https://cdn.keycap-archivist.com/keycaps/dc105285.jpg
7b656797,Crystal Pieces,Drageris,Kuragaris,https://cdn.keycap-archivist.com/keycaps/7b656797.jpg
34eafc8a,Crystal Pieces,Drageris,Susanoo (Dark horn),https://cdn.keycap-archivist.com/keycaps/34eafc8a.jpg
57d3d7cc,Crystal Pieces,Drageris,Susanoo (White horn),https://cdn.keycap-archivist.com/keycaps/57d3d7cc.jpg
7a04a76d,Crystal Pieces,Drageris,Rap King (Dark),https://cdn.keycap-archivist.com/keycaps/7a04a76d.jpg
c3000e58,Crystal Pieces,Drageris,Rap King (Light),https://cdn.keycap-archivist.com/keycaps/c3000e58.jpg
1e22c6fa,Crystal Pieces,Drageris,The DJ,https://cdn.keycap-archivist.com/keycaps/1e22c6fa.jpg
354a2179,Crystal Pieces,Drageris,The Rock,https://cdn.keycap-archivist.com/keycaps/354a2179.jpg
6de7331c,Crystal Pieces,Drageris,Pop Star,https://cdn.keycap-archivist.com/keycaps/6de7331c.jpg
fe9960c6,Crystal Pieces,Drageris,USA,https://cdn.keycap-archivist.com/keycaps/fe9960c6.jpg
8284426d,Crystal Pieces,Drageris,Welina,https://cdn.keycap-archivist.com/keycaps/8284426d.jpg
4fee684a,Crystal Pieces,Drageris,BLINK (Black),https://cdn.keycap-archivist.com/keycaps/4fee684a.jpg
a8ba9e17,Crystal Pieces,Drageris,BLINK (Pink),https://cdn.keycap-archivist.com/keycaps/a8ba9e17.jpg
2d9db42b,Crystal Pieces,Drageris,Spider Drageris (White Spider),https://cdn.keycap-archivist.com/keycaps/2d9db42b.jpg
462f0e58,Crystal Pieces,Drageris,Spider Drageris (Red Spider),https://cdn.keycap-archivist.com/keycaps/462f0e58.jpg
433ecd61,Crystal Pieces,Drageris,The Super Drageris,https://cdn.keycap-archivist.com/keycaps/433ecd61.jpg
7ada43d5,Crystal Pieces,Drageris,The Dark Knight,https://cdn.keycap-archivist.com/keycaps/7ada43d5.jpg
6402d4bf,Crystal Pieces,Drageris,The DraFEris,https://cdn.keycap-archivist.com/keycaps/6402d4bf.jpg
4b2de93d,Crystal Pieces,Drageris,Captain D,https://cdn.keycap-archivist.com/keycaps/4b2de93d.jpg
2b48a5b3,Crystal Pieces,Drageris,The Viegeris (conical hat),https://cdn.keycap-archivist.com/keycaps/2b48a5b3.jpg
64e29421,Crystal Pieces,Drageris,The Viegeris (lotus),https://cdn.keycap-archivist.com/keycaps/64e29421.jpg
d941e9c4,Crystal Pieces,Drageris,Totoris,https://cdn.keycap-archivist.com/keycaps/d941e9c4.jpg
81357392,Crystal Pieces,Drageris,Drabus,https://cdn.keycap-archivist.com/keycaps/81357392.jpg
3eefa31c,Crystal Pieces,Drageris,No-Face,https://cdn.keycap-archivist.com/keycaps/3eefa31c.jpg
70dc8e8,Crystal Pieces,Drageris,Haku,https://cdn.keycap-archivist.com/keycaps/70dc8e8.jpg
cc0609f6,Crystal Pieces,Drageris,Pumpkill,https://cdn.keycap-archivist.com/keycaps/cc0609f6.jpg
72f0662c,Crystal Pieces,Drageris,Dragar (poison),https://cdn.keycap-archivist.com/keycaps/72f0662c.jpg
9a9a3c8f,Crystal Pieces,Drageris,Dragar (shiny mega),https://cdn.keycap-archivist.com/keycaps/9a9a3c8f.jpg
ea6156ef,Crystal Pieces,Drageris,Pirachu,https://cdn.keycap-archivist.com/keycaps/ea6156ef.jpg
7164e92e,Crystal Pieces,Drageris,Colossal Dragant,https://cdn.keycap-archivist.com/keycaps/7164e92e.jpg
9948073f,Crystal Pieces,Drageris,Armored Dragant,https://cdn.keycap-archivist.com/keycaps/9948073f.jpg
14de9f8f,Crystal Pieces,Drageris,Christmas ELF,https://cdn.keycap-archivist.com/keycaps/14de9f8f.jpg
d848dcad,Crystal Pieces,Drageris,Gingerisbread,https://cdn.keycap-archivist.com/keycaps/d848dcad.jpg
e4d34f35,Crystal Pieces,Drageris,YetiDraris,https://cdn.keycap-archivist.com/keycaps/e4d34f35.jpg
8388b0b1,Crystal Pieces,Drageris,Frost Wizard,https://cdn.keycap-archivist.com/keycaps/8388b0b1.jpg
f4029e83,Crystal Pieces,Drageris,Pharaoh,https://cdn.keycap-archivist.com/keycaps/f4029e83.jpg
e897afde,Crystal Pieces,Drageris,Dgojo,https://cdn.keycap-archivist.com/keycaps/e897afde.jpg
8bd49244,Crystal Pieces,Drageris,Yuji Drakuna,https://cdn.keycap-archivist.com/keycaps/8bd49244.jpg
71341f33,Crystal Pieces,Drageris,Megumi Drakuna,https://cdn.keycap-archivist.com/keycaps/71341f33.jpg
359d39b2,Crystal Pieces,Drageris,The God of Wealth,https://cdn.keycap-archivist.com/keycaps/359d39b2.jpg
d3de5a2,Crystal Pieces,Drageris,Draruma,https://cdn.keycap-archivist.com/keycaps/d3de5a2.jpg
e398cd52,Crystal Pieces,Drageris,Ryomen Drakuna,https://cdn.keycap-archivist.com/keycaps/e398cd52.jpg
eede1c72,Crystal Pieces,Drageris,Iris,https://cdn.keycap-archivist.com/keycaps/eede1c72.jpg
5b769c1c,Crystal Pieces,Drageris,Gudetatsu,https://cdn.keycap-archivist.com/keycaps/5b769c1c.jpg
71a39989,Crystal Pieces,Drageris,Kirbyaris,https://cdn.keycap-archivist.com/keycaps/71a39989.jpg
345c5233,Crystal Pieces,Drageris,Spring,https://cdn.keycap-archivist.com/keycaps/345c5233.jpg
e93faab6,Crystal Pieces,Drageris,Draddle Dee,https://cdn.keycap-archivist.com/keycaps/e93faab6.jpg
b03b338a,Crystal Pieces,Drageris,Kannabisu,https://cdn.keycap-archivist.com/keycaps/b03b338a.jpg
efd1864f,Crystal Pieces,Drageris,Gokugaris,https://cdn.keycap-archivist.com/keycaps/efd1864f.jpg
5dbd162a,Crystal Pieces,Drageris,Vegetaris,https://cdn.keycap-archivist.com/keycaps/5dbd162a.jpg
f22e7a74,Crystal Pieces,Drageris,Draccolo,https://cdn.keycap-archivist.com/keycaps/f22e7a74.jpg
d858e50f,Crystal Pieces,Drageris,Gohaneris,https://cdn.keycap-archivist.com/keycaps/d858e50f.jpg
2d9977ea,Crystal Pieces,Drageris,Dra Buu,https://cdn.keycap-archivist.com/keycaps/2d9977ea.jpg
549c535b,Crystal Pieces,Drageris,Beeris,https://cdn.keycap-archivist.com/keycaps/549c535b.jpg
6626ff74,Crystal Pieces,Drageris,Friezaris,https://cdn.keycap-archivist.com/keycaps/6626ff74.jpg
48747734,Crystal Pieces,Drageris,Celldroid,https://cdn.keycap-archivist.com/keycaps/48747734.jpg
3f11b5bf,Crystal Pieces,Drageris,Special Force,https://cdn.keycap-archivist.com/keycaps/3f11b5bf.jpg
62ed243d,Crystal Pieces,Drageris,Gun Devil,https://cdn.keycap-archivist.com/keycaps/62ed243d.jpg
811a71cc,Crystal Pieces,Drageris,Katana,https://cdn.keycap-archivist.com/keycaps/811a71cc.jpg
e5ecbb59,Crystal Pieces,Drageris,The Knight,https://cdn.keycap-archivist.com/keycaps/e5ecbb59.jpg
54a1ba4d,Crystal Pieces,Drageris,Pink Sakura,https://cdn.keycap-archivist.com/keycaps/54a1ba4d.jpg
ae2728ab,Crystal Pieces,Drageris,Blue Sakura,https://cdn.keycap-archivist.com/keycaps/ae2728ab.jpg
347f7b81,Crystal Pieces,Drageris,Drath Vader,https://cdn.keycap-archivist.com/keycaps/347f7b81.jpg
5a6f8835,Crystal Pieces,Drageris,Trooper,https://cdn.keycap-archivist.com/keycaps/5a6f8835.jpg
2b0b43fc,Crystal Pieces,Drageris,VI-konic,https://cdn.keycap-archivist.com/keycaps/2b0b43fc.jpg
8915f42,Crystal Pieces,Drageris,The Emperor,https://cdn.keycap-archivist.com/keycaps/8915f42.jpg
7509c465,Crystal Pieces,Drageris,Kintsukimi,https://cdn.keycap-archivist.com/keycaps/7509c465.jpg
37a08d1c,Crystal Pieces,Drageris,Akai-Gesshoku,https://cdn.keycap-archivist.com/keycaps/37a08d1c.jpg
f7ed79e7,Crystal Pieces,Drageris,Dracula,https://cdn.keycap-archivist.com/keycaps/f7ed79e7.jpg
31e6a336,Crystal Pieces,Drageris,Drankenstein,https://cdn.keycap-archivist.com/keycaps/31e6a336.jpg
486b139b,Crystal Pieces,Drageris,Domingo - The Nutcracker,https://cdn.keycap-archivist.com/keycaps/486b139b.jpg
dfe64ff7,Crystal Pieces,Drageris,Zeus,https://cdn.keycap-archivist.com/keycaps/dfe64ff7.jpg
c1bab1b8,Crystal Pieces,Drageris,Hercules,https://cdn.keycap-archivist.com/keycaps/c1bab1b8.jpg
974515da,Crystal Pieces,Drageris,Thọ,https://cdn.keycap-archivist.com/keycaps/974515da.jpg
f0d3d457,Crystal Pieces,Drageris,La Vie en Rose (Rose),https://cdn.keycap-archivist.com/keycaps/f0d3d457.jpg
351b4137,Crystal Pieces,Drageris,La Vie en Rose (Heart),https://cdn.keycap-archivist.com/keycaps/351b4137.jpg
43246f9a,Crystal Pieces,Drageris,Kratos,https://cdn.keycap-archivist.com/keycaps/43246f9a.jpg
b28bbbe8,Crystal Pieces,Drageris,Ultra Gokugaris,https://cdn.keycap-archivist.com/keycaps/b28bbbe8.jpg
21156a15,Crystal Pieces,Drageris,Ultra Vegetaris,https://cdn.keycap-archivist.com/keycaps/21156a15.jpg
c1d65704,Crystal Pieces,Drageris,Golden Friezaris,https://cdn.keycap-archivist.com/keycaps/c1d65704.jpg
9f4dafef,Crystal Pieces,Drageris,Wukongaris,https://cdn.keycap-archivist.com/keycaps/9f4dafef.jpg
1179d5f4,Crystal Pieces,Drageris,Wukongaris (secret),https://cdn.keycap-archivist.com/keycaps/1179d5f4.jpg
f9a20117,Crystal Pieces,Drageris,Olaf,https://cdn.keycap-archivist.com/keycaps/f9a20117.jpg
c29d7def,Crystal Pieces,Drageris,Dr. Dra,https://cdn.keycap-archivist.com/keycaps/c29d7def.jpg
35607597,Crystal Pieces,Drageris,Biohazard,https://cdn.keycap-archivist.com/keycaps/35607597.jpg
9097118,Crystal Pieces,Drageris,Aztectlan,https://cdn.keycap-archivist.com/keycaps/9097118.jpg
4339c385,Crystal Pieces,Drageris,Lufferis,https://cdn.keycap-archivist.com/keycaps/4339c385.jpg
6d86c8e7,Crystal Pieces,Drageris,Lufferis (Smile),https://cdn.keycap-archivist.com/keycaps/6d86c8e7.jpg
ad104ae8,Crystal Pieces,Drageris,Chopperis,https://cdn.keycap-archivist.com/keycaps/ad104ae8.jpg
15b4c4d9,Crystal Pieces,Drageris,Drasopp,https://cdn.keycap-archivist.com/keycaps/15b4c4d9.jpg
686382f9,Crystal Pieces,Drageris,DrACE,https://cdn.keycap-archivist.com/keycaps/686382f9.jpg
84fc67a7,Crystal Pieces,Drageris,Saboris,https://cdn.keycap-archivist.com/keycaps/84fc67a7.jpg
c6d71d84,Crystal Pieces,Drageris,Lufferis G4,https://cdn.keycap-archivist.com/keycaps/c6d71d84.jpg
2fc09f5d,Crystal Pieces,Drageris,Gradonis,https://cdn.keycap-archivist.com/keycaps/2fc09f5d.jpg
8b5925bd,Crystal Pieces,Drageris,Drayquazaris,https://cdn.keycap-archivist.com/keycaps/8b5925bd.jpg
3b5063e,Crystal Pieces,Drageris,Kyograris,https://cdn.keycap-archivist.com/keycaps/3b5063e.jpg
2de9f33f,Crystal Pieces,Drageris,SPARTA,https://cdn.keycap-archivist.com/keycaps/2de9f33f.jpg
1bb2285f,Crystal Pieces,Drageris,Yin Wuchang,https://cdn.keycap-archivist.com/keycaps/1bb2285f.jpg
49080e99,Crystal Pieces,Drageris,Yang Wuchang,https://cdn.keycap-archivist.com/keycaps/49080e99.jpg
dcf366a8,Crystal Pieces,Drageris,Voorheegeris,https://cdn.keycap-archivist.com/keycaps/dcf366a8.jpg
433e8601,Crystal Pieces,Drageris,Ghostdra,https://cdn.keycap-archivist.com/keycaps/433e8601.jpg
7a79ed0e,Crystal Pieces,Drageris,Freddy Drager,https://cdn.keycap-archivist.com/keycaps/7a79ed0e.jpg
a67a4715,Crystal Pieces,Drageris,Skull Pestilence,https://cdn.keycap-archivist.com/keycaps/a67a4715.jpg
d9b17a85,Crystal Pieces,Drageris,The Great Pestilence,https://cdn.keycap-archivist.com/keycaps/d9b17a85.jpg
976543a4,Crystal Pieces,Drageris,Draknar - The Inferno Conqueror,https://cdn.keycap-archivist.com/keycaps/976543a4.jpg
d774507f,Crystal Pieces,Drageris,Oathmaker,https://cdn.keycap-archivist.com/keycaps/d774507f.jpg
1b206572,Crystal Pieces,Drageris,Party-All-Day,https://cdn.keycap-archivist.com/keycaps/1b206572.jpg
b100807a,Crystal Pieces,Drageris,Party-All-Night,https://cdn.keycap-archivist.com/keycaps/b100807a.jpg
743cb2c6,Crystal Pieces,Drageris,Snowman,https://cdn.keycap-archivist.com/keycaps/743cb2c6.jpg
f3e4c191,Crystal Pieces,Drageris,Time Chaser,https://cdn.keycap-archivist.com/keycaps/f3e4c191.jpg
d248597f,Crystal Pieces,Drageris,Western Rangers,https://cdn.keycap-archivist.com/keycaps/d248597f.jpg
470ee382,Crystal Pieces,Drageris,Thal’Zuur,https://cdn.keycap-archivist.com/keycaps/470ee382.jpg
61a33523,Crystal Pieces,Drageris,The Void,https://cdn.keycap-archivist.com/keycaps/61a33523.jpg
4ee4cc76,Crystal Pieces,Drageris,Yokai Chef,https://cdn.keycap-archivist.com/keycaps/4ee4cc76.jpg
f066b234,Crystal Pieces,Drageris,Anglerdra,https://cdn.keycap-archivist.com/keycaps/f066b234.jpg
3c3a02d9,Crystal Pieces,Drageris,Raijin - The Thunder and Lightning God,https://cdn.keycap-archivist.com/keycaps/3c3a02d9.jpg
f4545555,Crystal Pieces,Skeleton Drageris,Baxeris,https://cdn.keycap-archivist.com/keycaps/f4545555.jpg
1ce9e3ac,Crystal Pieces,Skeleton Drageris,Jegeris,https://cdn.keycap-archivist.com/keycaps/1ce9e3ac.jpg
2db59ec0,Crystal Pieces,Skeleton Drageris,Hoolaf,https://cdn.keycap-archivist.com/keycaps/2db59ec0.jpg
6e149a07,Crystal Pieces,Skeleton Drageris,Jack Skellington,https://cdn.keycap-archivist.com/keycaps/6e149a07.jpg
21cc7128,Crystal Pieces,Skeleton Drageris,Beast Dragant,https://cdn.keycap-archivist.com/keycaps/21cc7128.jpg
580dafe3,Crystal Pieces,Skeleton Drageris,Attack Dragant,https://cdn.keycap-archivist.com/keycaps/580dafe3.jpg
8b704274,Crystal Pieces,Skeleton Drageris,Frost Dead Witch,https://cdn.keycap-archivist.com/keycaps/8b704274.jpg
25f0d2f7,Crystal Pieces,Skeleton Drageris,The Mummy,https://cdn.keycap-archivist.com/keycaps/25f0d2f7.jpg
431ac627,Crystal Pieces,Skeleton Drageris,Mictlan,https://cdn.keycap-archivist.com/keycaps/431ac627.jpg
3ae90252,Crystal Pieces,Skeleton Drageris,Blood Devil,https://cdn.keycap-archivist.com/keycaps/3ae90252.jpg
e13f6280,Crystal Pieces,Skeleton Drageris,The Terrorist,https://cdn.keycap-archivist.com/keycaps/e13f6280.jpg
fcc0eece,Crystal Pieces,Skeleton Drageris,The Undead King,https://cdn.keycap-archivist.com/keycaps/fcc0eece.jpg
882c3da3,Crystal Pieces,Skeleton Drageris,Sakura,https://cdn.keycap-archivist.com/keycaps/882c3da3.jpg
5eeea48b,Crystal Pieces,Skeleton Drageris,Kraken King,https://cdn.keycap-archivist.com/keycaps/5eeea48b.jpg
9acf23ee,Crystal Pieces,Skeleton Drageris,Drath Maul,https://cdn.keycap-archivist.com/keycaps/9acf23ee.jpg
cf55fe7a,Crystal Pieces,Skeleton Drageris,The Devil,https://cdn.keycap-archivist.com/keycaps/cf55fe7a.jpg
b56b6ab4,Crystal Pieces,Skeleton Drageris,Kintsukimi,https://cdn.keycap-archivist.com/keycaps/b56b6ab4.jpg
6e32cf56,Crystal Pieces,Skeleton Drageris,Skegrinch,https://cdn.keycap-archivist.com/keycaps/6e32cf56.jpg
7a5221a9,Crystal Pieces,Skeleton Drageris,Ares,https://cdn.keycap-archivist.com/keycaps/7a5221a9.jpg
148b758c,Crystal Pieces,Skeleton Drageris,Hades,https://cdn.keycap-archivist.com/keycaps/148b758c.jpg
386788bc,Crystal Pieces,Skeleton Drageris,V-ICE King,https://cdn.keycap-archivist.com/keycaps/386788bc.jpg
cf252bb8,Crystal Pieces,Skeleton Drageris,Akai-Gesshoku,https://cdn.keycap-archivist.com/keycaps/cf252bb8.jpg
20e0803b,Crystal Pieces,Skeleton Drageris,Biohazard,https://cdn.keycap-archivist.com/keycaps/20e0803b.jpg
21f57b22,Crystal Pieces,Skeleton Drageris,Brooske,https://cdn.keycap-archivist.com/keycaps/21f57b22.jpg
f18f3ba9,Crystal Pieces,Skeleton Drageris,Skeshanks,https://cdn.keycap-archivist.com/keycaps/f18f3ba9.jpg
abecb126,Crystal Pieces,Skeleton Drageris,Pennyske,https://cdn.keycap-archivist.com/keycaps/abecb126.jpg
df54a259,Crystal Pieces,Skeleton Drageris,Oathmaker,https://cdn.keycap-archivist.com/keycaps/df54a259.jpg
da57d8c4,Crystal Pieces,Skeleton Drageris,Famine,https://cdn.keycap-archivist.com/keycaps/da57d8c4.jpg
9c13196,Crystal Pieces,Skeleton Drageris,Western Rangers,https://cdn.keycap-archivist.com/keycaps/9c13196.jpg
4ce7b184,Crystal Pieces,Skeleton Drageris,Dark Star,https://cdn.keycap-archivist.com/keycaps/4ce7b184.jpg
f192e121,Crystal Pieces,Skeleton Drageris,The Golden Hook,https://cdn.keycap-archivist.com/keycaps/f192e121.jpg
fcd3bd4b,Crystal Pieces,Skeleton Drageris,Yaksha,https://cdn.keycap-archivist.com/keycaps/fcd3bd4b.jpg
6d2ba329,Crystal Pieces,Shenrong,Poseidon,https://cdn.keycap-archivist.com/keycaps/6d2ba329.jpg
f5dbb4be,Crystal Pieces,Shenrong,Ultimate,https://cdn.keycap-archivist.com/keycaps/f5dbb4be.jpg
829668fb,Crystal Pieces,Shenrong,Black Smoke,https://cdn.keycap-archivist.com/keycaps/829668fb.jpg
5c028bc9,Crystal Pieces,Shenrong,Porunga,https://cdn.keycap-archivist.com/keycaps/5c028bc9.jpg
5f954941,Crystal Pieces,Shenrong,Super,https://cdn.keycap-archivist.com/keycaps/5f954941.jpg
f48fcd6c,Crystal Pieces,Shenrong,Dark,https://cdn.keycap-archivist.com/keycaps/f48fcd6c.jpg
8ff6514b,Crystal Pieces,Shenrong,Eternal,https://cdn.keycap-archivist.com/keycaps/8ff6514b.jpg
72ed6e00,Crystal Pieces,Shenrong,Toronbo,https://cdn.keycap-archivist.com/keycaps/72ed6e00.jpg
fa7bcf8,Crystal Pieces,Shenrong,Jinbeirong,https://cdn.keycap-archivist.com/keycaps/fa7bcf8.jpg
d71c752,Crystal Pieces,Shenrong,Kairong,https://cdn.keycap-archivist.com/keycaps/d71c752.jpg
96f38ca8,Crystal Pieces,Shenrong,Lufferis G5 Nidra,https://cdn.keycap-archivist.com/keycaps/96f38ca8.jpg
a924b1b7,Crystal Pieces,Shenrong,Lunar Deity,https://cdn.keycap-archivist.com/keycaps/a924b1b7.jpg
3e8639ab,Crystal Pieces,Shenrong,Chuckerong,https://cdn.keycap-archivist.com/keycaps/3e8639ab.jpg
d22e4d5c,Crystal Pieces,Shenrong,Death,https://cdn.keycap-archivist.com/keycaps/d22e4d5c.jpg
f3dd8e0b,Crystal Pieces,Shenrong,GRAND DRAGERIS,https://cdn.keycap-archivist.com/keycaps/f3dd8e0b.jpg
292b0263,Crystal Pieces,Shenrong,Mad Rong,https://cdn.keycap-archivist.com/keycaps/292b0263.jpg
577d639b,Crystal Pieces,Shenrong,Golden Nien,https://cdn.keycap-archivist.com/keycaps/577d639b.jpg
f5d09883,Crystal Pieces,Shenrong,Dark Star,https://cdn.keycap-archivist.com/keycaps/f5d09883.jpg
6ffe739e,Crystal Pieces,Shenrong,Thunderlord,https://cdn.keycap-archivist.com/keycaps/6ffe739e.jpg
d824e922,Crystal Pieces,Shenrong,Frost Guardian,https://cdn.keycap-archivist.com/keycaps/d824e922.jpg
667182e,Crystal Pieces,Shenrong,Fujin - The wind god,https://cdn.keycap-archivist.com/keycaps/667182e.jpg
61464e13,Crystal Pieces,Shenrong,CRP Burger,https://cdn.keycap-archivist.com/keycaps/61464e13.jpg
d4a487b5,Crystal Pieces,Shenrong,Strawfang,https://cdn.keycap-archivist.com/keycaps/d4a487b5.jpg
b133b0f9,Crystal Pieces,Shenrong,The Orc Mage,https://cdn.keycap-archivist.com/keycaps/b133b0f9.jpg
8c4694b9,Crystal Pieces,Shenrong,The Orc Berserker,https://cdn.keycap-archivist.com/keycaps/8c4694b9.jpg
8501cb3f,Crystal Pieces,Mecha Dra,Frankis,https://cdn.keycap-archivist.com/keycaps/8501cb3f.jpg
d79dc3cd,Crystal Pieces,Mecha Dra,Chemtech,https://cdn.keycap-archivist.com/keycaps/d79dc3cd.jpg
77a64239,Crystal Pieces,Dragorex,OG,https://cdn.keycap-archivist.com/keycaps/77a64239.jpg
a4259ecc,Crystal Pieces,Dragorex,Abyssal,https://cdn.keycap-archivist.com/keycaps/a4259ecc.jpg
d7ea344e,Crystal Pieces,Dragorex,Solmera,https://cdn.keycap-archivist.com/keycaps/d7ea344e.jpg
6a5961f6,Crystal Pieces,Dragorex,Ignivar,https://cdn.keycap-archivist.com/keycaps/6a5961f6.jpg
5c6b8c7,Crystal Pieces,Dragorex,Aquanel,https://cdn.keycap-archivist.com/keycaps/5c6b8c7.jpg
688f98e4,Crystal Pieces,Dragorex,Sand King,https://cdn.keycap-archivist.com/keycaps/688f98e4.jpg
88bc9a42,Crystal Pieces,Dragorex,EVA,https://cdn.keycap-archivist.com/keycaps/88bc9a42.jpg
2567e96f,Crystal Pieces,Dragorex,Gaia,https://cdn.keycap-archivist.com/keycaps/2567e96f.jpg
c2a09c98,Crystal Pieces,Dragorex,Lumina,https://cdn.keycap-archivist.com/keycaps/c2a09c98.jpg
ab0a1dcb,Crystal Pieces,Dragorex,Verdant,https://cdn.keycap-archivist.com/keycaps/ab0a1dcb.jpg
792f1539,Crystal Pieces,Phelix,Jack Skellington,https://cdn.keycap-archivist.com/keycaps/792f1539.jpg
6262f72e,Crystal Pieces,Phelix,Christmas ELF,https://cdn.keycap-archivist.com/keycaps/6262f72e.jpg
4c2cb3d3,Crystal Pieces,Phelix,Pharaoh (Golden tail),https://cdn.keycap-archivist.com/keycaps/4c2cb3d3.jpg
a1e2209b,Crystal Pieces,Phelix,Pharaoh (Onyx tail),https://cdn.keycap-archivist.com/keycaps/a1e2209b.jpg
1d2bebd,Crystal Pieces,Phelix,The God of Wealth,https://cdn.keycap-archivist.com/keycaps/1d2bebd.jpg
2211914,Crystal Pieces,Phelix,Mictlan (White tail),https://cdn.keycap-archivist.com/keycaps/2211914.jpg
b4569673,Crystal Pieces,Phelix,Mictlan (Black tail),https://cdn.keycap-archivist.com/keycaps/b4569673.jpg
5fd81505,Crystal Pieces,Phelix,Kannabisu,https://cdn.keycap-archivist.com/keycaps/5fd81505.jpg
4510ad03,Crystal Pieces,Phelix,Araphelix,https://cdn.keycap-archivist.com/keycaps/4510ad03.jpg
6cf6b6e0,Crystal Pieces,Phelix,Special Force,https://cdn.keycap-archivist.com/keycaps/6cf6b6e0.jpg
80102fec,Crystal Pieces,Phelix,Control Devil,https://cdn.keycap-archivist.com/keycaps/80102fec.jpg
97a42212,Crystal Pieces,Phelix,The Knight (Armor up),https://cdn.keycap-archivist.com/keycaps/97a42212.jpg
efdff025,Crystal Pieces,Phelix,The Knight (Armor down),https://cdn.keycap-archivist.com/keycaps/efdff025.jpg
85b5f7f1,Crystal Pieces,Phelix,Sakura,https://cdn.keycap-archivist.com/keycaps/85b5f7f1.jpg
693aa705,Crystal Pieces,Phelix,C-3PONIX,https://cdn.keycap-archivist.com/keycaps/693aa705.jpg
3164070a,Crystal Pieces,Phelix,VI-konic,https://cdn.keycap-archivist.com/keycaps/3164070a.jpg
b67b715d,Crystal Pieces,Phelix,Kintsukimi,https://cdn.keycap-archivist.com/keycaps/b67b715d.jpg
d87bd7d,Crystal Pieces,Phelix,Akai-Gesshoku,https://cdn.keycap-archivist.com/keycaps/d87bd7d.jpg
b95d986f,Crystal Pieces,Phelix,Witchx,https://cdn.keycap-archivist.com/keycaps/b95d986f.jpg
c47bfbc0,Crystal Pieces,Phelix,Snowfenix (Feathers),https://cdn.keycap-archivist.com/keycaps/c47bfbc0.jpg
533fe8d1,Crystal Pieces,Phelix,Snowfenix (Frosty),https://cdn.keycap-archivist.com/keycaps/533fe8d1.jpg
72b96cdd,Crystal Pieces,Phelix,Hermes,https://cdn.keycap-archivist.com/keycaps/72b96cdd.jpg
c1aa0ef2,Crystal Pieces,Phelix,Phúc,https://cdn.keycap-archivist.com/keycaps/c1aa0ef2.jpg
c6bee398,Crystal Pieces,Phelix,Trunkix,https://cdn.keycap-archivist.com/keycaps/c6bee398.jpg
c871dde3,Crystal Pieces,Phelix,Astrid,https://cdn.keycap-archivist.com/keycaps/c871dde3.jpg
645d472c,Crystal Pieces,Phelix,Phê lix,https://cdn.keycap-archivist.com/keycaps/645d472c.jpg
5b2f398d,Crystal Pieces,Phelix,Namix,https://cdn.keycap-archivist.com/keycaps/5b2f398d.jpg
c5972875,Crystal Pieces,Phelix,Dophemingo,https://cdn.keycap-archivist.com/keycaps/c5972875.jpg
d4c0e1d6,Crystal Pieces,Phelix,Marlix,https://cdn.keycap-archivist.com/keycaps/d4c0e1d6.jpg
cb08dbea,Crystal Pieces,Phelix,Zapnix,https://cdn.keycap-archivist.com/keycaps/cb08dbea.jpg
e454026,Crystal Pieces,Phelix,Moltrix,https://cdn.keycap-archivist.com/keycaps/e454026.jpg
3a4790fb,Crystal Pieces,Phelix,Artixno,https://cdn.keycap-archivist.com/keycaps/3a4790fb.jpg
5b896b6b,Crystal Pieces,Kirineris,Fox Devil,https://cdn.keycap-archivist.com/keycaps/5b896b6b.jpg
dee0e062,Crystal Pieces,Kirineris,The Knight,https://cdn.keycap-archivist.com/keycaps/dee0e062.jpg
b2ff0305,Crystal Pieces,Kirineris,Sakura,https://cdn.keycap-archivist.com/keycaps/b2ff0305.jpg
25ee9f84,Crystal Pieces,Kirineris,Chewkiri,https://cdn.keycap-archivist.com/keycaps/25ee9f84.jpg
d3eedd11,Crystal Pieces,Kirineris,VI-konic,https://cdn.keycap-archivist.com/keycaps/d3eedd11.jpg
1a39c907,Crystal Pieces,Kirineris,Kintsukimi,https://cdn.keycap-archivist.com/keycaps/1a39c907.jpg
3b60187a,Crystal Pieces,Kirineris,Akai-Gesshoku,https://cdn.keycap-archivist.com/keycaps/3b60187a.jpg
f0a4df74,Crystal Pieces,Kirineris,Mictlan,https://cdn.keycap-archivist.com/keycaps/f0a4df74.jpg
6ebe569f,Crystal Pieces,Kirineris,Kizombie,https://cdn.keycap-archivist.com/keycaps/6ebe569f.jpg
2799cfb6,Crystal Pieces,Kirineris,Kindeer,https://cdn.keycap-archivist.com/keycaps/2799cfb6.jpg
132df6d6,Crystal Pieces,Kirineris,Artemis,https://cdn.keycap-archivist.com/keycaps/132df6d6.jpg
1f119aee,Crystal Pieces,Kirineris,Lộc,https://cdn.keycap-archivist.com/keycaps/1f119aee.jpg
1eb7e7d6,Crystal Pieces,Kirineris,Apollo,https://cdn.keycap-archivist.com/keycaps/1eb7e7d6.jpg
b5e852d5,Crystal Pieces,Kirineris,Brolyrin,https://cdn.keycap-archivist.com/keycaps/b5e852d5.jpg
4a2e7825,Crystal Pieces,Kirineris,Gunnar,https://cdn.keycap-archivist.com/keycaps/4a2e7825.jpg
3330e35a,Crystal Pieces,Kirineris,Kannabisu,https://cdn.keycap-archivist.com/keycaps/3330e35a.jpg
f35dbd2d,Crystal Pieces,Kirineris,Snoop Kirin,https://cdn.keycap-archivist.com/keycaps/f35dbd2d.jpg
9d0126f9,Crystal Pieces,Kirineris,Biohazard,https://cdn.keycap-archivist.com/keycaps/9d0126f9.jpg
d63f889c,Crystal Pieces,Kirineris,Aztectlan,https://cdn.keycap-archivist.com/keycaps/d63f889c.jpg
3c68c773,Crystal Pieces,Kirineris,Zorin,https://cdn.keycap-archivist.com/keycaps/3c68c773.jpg
530cd259,Crystal Pieces,Kirineris,Sanjirin (Black suit),https://cdn.keycap-archivist.com/keycaps/530cd259.jpg
e5fdcc18,Crystal Pieces,Kirineris,Sanjirin (Wano suit),https://cdn.keycap-archivist.com/keycaps/e5fdcc18.jpg
c84c60da,Crystal Pieces,Kirineris,Raikirin,https://cdn.keycap-archivist.com/keycaps/c84c60da.jpg
d8eb14ee,Crystal Pieces,Kirineris,Enkotei,https://cdn.keycap-archivist.com/keycaps/d8eb14ee.jpg
cd6d668e,Crystal Pieces,Kirineris,Suicuneris,https://cdn.keycap-archivist.com/keycaps/cd6d668e.jpg
bb3e90dd,Crystal Pieces,Kirineris,Oathmaker,https://cdn.keycap-archivist.com/keycaps/bb3e90dd.jpg
8b5b6699,Crystal Pieces,Kirineris,The Lunar Deity,https://cdn.keycap-archivist.com/keycaps/8b5b6699.jpg
596504d3,Crystal Pieces,Kirineris,Sparta,https://cdn.keycap-archivist.com/keycaps/596504d3.jpg
febe5451,Crystal Pieces,Kirineris,Arice,https://cdn.keycap-archivist.com/keycaps/febe5451.jpg
daf18037,Crystal Pieces,Kirineris,Western Rangers,https://cdn.keycap-archivist.com/keycaps/daf18037.jpg
cc9a806d,Crystal Pieces,Kirineris,Frost Guardian,https://cdn.keycap-archivist.com/keycaps/cc9a806d.jpg
4aa7306b,Crystal Pieces,Meowster,The Meowster,https://cdn.keycap-archivist.com/keycaps/4aa7306b.jpg
86d2a9ab,Crystal Pieces,Meowster,Salem,https://cdn.keycap-archivist.com/keycaps/86d2a9ab.jpg
e1952575,Crystal Pieces,Nixiela,The little Mermaid,https://cdn.keycap-archivist.com/keycaps/e1952575.jpg
5f7fda09,Crystal Pieces,Nixiela,Periwinkle,https://cdn.keycap-archivist.com/keycaps/5f7fda09.jpg
79baf681,Crystal Pieces,Nixiela,Orangina,https://cdn.keycap-archivist.com/keycaps/79baf681.jpg
9d024444,Crystal Pieces,Nixiela,Serenity,https://cdn.keycap-archivist.com/keycaps/9d024444.jpg
f00af244,Crystal Pieces,Nixiela,Rosalia,https://cdn.keycap-archivist.com/keycaps/f00af244.jpg
7a88cd54,Crystal Pieces,Nixiela,The Black Pearl,https://cdn.keycap-archivist.com/keycaps/7a88cd54.jpg
d11937a7,Crystal Pieces,Nixiela,Cosmicela,https://cdn.keycap-archivist.com/keycaps/d11937a7.jpg
bdb1eb90,Crystal Pieces,Nixiela,Marshmallow,https://cdn.keycap-archivist.com/keycaps/bdb1eb90.jpg
f322373d,Crystal Pieces,Nixiela,Clovera,https://cdn.keycap-archivist.com/keycaps/f322373d.jpg
b0b065fb,Crystal Pieces,Kyuna,OG,https://cdn.keycap-archivist.com/keycaps/b0b065fb.jpg
a587aead,Crystal Pieces,Kyuna,Carbon,https://cdn.keycap-archivist.com/keycaps/a587aead.jpg
fec511b9,Crystal Pieces,Kyuna,Cupidon,https://cdn.keycap-archivist.com/keycaps/fec511b9.jpg
e9cb8273,Crystal Pieces,Kyuna,Kyuyasha,https://cdn.keycap-archivist.com/keycaps/e9cb8273.jpg
ef2efea,Crystal Pieces,Kyuna,No-face,https://cdn.keycap-archivist.com/keycaps/ef2efea.jpg
bf23b69c,Crystal Pieces,Kyuna,Yinata,https://cdn.keycap-archivist.com/keycaps/bf23b69c.jpg
3fdbf42b,Crystal Pieces,Kyuna,Kizuna,https://cdn.keycap-archivist.com/keycaps/3fdbf42b.jpg
3a737d7d,Crystal Pieces,Kyuna,Watatsumi,https://cdn.keycap-archivist.com/keycaps/3a737d7d.jpg
eccc646f,Crystal Pieces,Kyuna,Raijin,https://cdn.keycap-archivist.com/keycaps/eccc646f.jpg
4d7031fa,Crystal Pieces,Kyuna,Kukunochi,https://cdn.keycap-archivist.com/keycaps/4d7031fa.jpg
7af0a5a4,Crystal Pieces,Kyuna,Santa,https://cdn.keycap-archivist.com/keycaps/7af0a5a4.jpg
3c6aa9ad,Crystal Pieces,Kyuna,Harley Quinn,https://cdn.keycap-archivist.com/keycaps/3c6aa9ad.jpg
93c9cb72,Crystal Pieces,Kyuna,The God of Wealth,https://cdn.keycap-archivist.com/keycaps/93c9cb72.jpg
581b9611,Crystal Pieces,Kyuna,Mictlan,https://cdn.keycap-archivist.com/keycaps/581b9611.jpg
7374ea1c,Crystal Pieces,Kyuna,Iris,https://cdn.keycap-archivist.com/keycaps/7374ea1c.jpg
e74c574d,Crystal Pieces,Kyuna,Dreamscape,https://cdn.keycap-archivist.com/keycaps/e74c574d.jpg
66921b1f,Crystal Pieces,Kyuna,Analog,https://cdn.keycap-archivist.com/keycaps/66921b1f.jpg
49a78228,Crystal Pieces,Kyuna,Kagutsuchi,https://cdn.keycap-archivist.com/keycaps/49a78228.jpg
f7b5eebd,Crystal Pieces,Yuito,OG,https://cdn.keycap-archivist.com/keycaps/f7b5eebd.jpg
e26f7264,Crystal Pieces,Yuito,Carbon,https://cdn.keycap-archivist.com/keycaps/e26f7264.jpg
c00028ab,Crystal Pieces,Yuito,Cupidon,https://cdn.keycap-archivist.com/keycaps/c00028ab.jpg
78ffb3a1,Crystal Pieces,Yuito,Yushomaru,https://cdn.keycap-archivist.com/keycaps/78ffb3a1.jpg
aaa9b333,Crystal Pieces,Yuito,No-face,https://cdn.keycap-archivist.com/keycaps/aaa9b333.jpg
f2e884c2,Crystal Pieces,Yuito,Naruito,https://cdn.keycap-archivist.com/keycaps/f2e884c2.jpg
cb5c9e8d,Crystal Pieces,Yuito,Yujiro,https://cdn.keycap-archivist.com/keycaps/cb5c9e8d.jpg
d25ba101,Crystal Pieces,Yuito,Watatsumi,https://cdn.keycap-archivist.com/keycaps/d25ba101.jpg
4ee4dc4f,Crystal Pieces,Yuito,Raijin,https://cdn.keycap-archivist.com/keycaps/4ee4dc4f.jpg
726a7329,Crystal Pieces,Yuito,Kukunochi,https://cdn.keycap-archivist.com/keycaps/726a7329.jpg
e69740e4,Crystal Pieces,Yuito,Santa,https://cdn.keycap-archivist.com/keycaps/e69740e4.jpg
271b9f2f,Crystal Pieces,Yuito,Joker,https://cdn.keycap-archivist.com/keycaps/271b9f2f.jpg
35810b03,Crystal Pieces,Yuito,The God of Wealth,https://cdn.keycap-archivist.com/keycaps/35810b03.jpg
3a16fb6e,Crystal Pieces,Yuito,Mictlan,https://cdn.keycap-archivist.com/keycaps/3a16fb6e.jpg
9b0f10c6,Crystal Pieces,Yuito,Iris,https://cdn.keycap-archivist.com/keycaps/9b0f10c6.jpg
50638092,Crystal Pieces,Yuito,Dreamscape,https://cdn.keycap-archivist.com/keycaps/50638092.jpg
57f9cbbe,Crystal Pieces,Yuito,Analog,https://cdn.keycap-archivist.com/keycaps/57f9cbbe.jpg
9242cfa6,Crystal Pieces,Yuito,Kagutsuchi,https://cdn.keycap-archivist.com/keycaps/9242cfa6.jpg
d9de0ddd,Crystal Pieces,Tigo,Terminator Pulsefire,https://cdn.keycap-archivist.com/keycaps/d9de0ddd.jpg
2147e42e,Crystal Pieces,Tigo,Terminator Pulsefire (crystal),https://cdn.keycap-archivist.com/keycaps/2147e42e.jpg
8686d33c,Crystal Pieces,Tigo,Terminator Pulsefire (nuclear),https://cdn.keycap-archivist.com/keycaps/8686d33c.jpg
afafb0f9,Crystal Pieces,Tigo,Terminator Pulsefire (milky),https://cdn.keycap-archivist.com/keycaps/afafb0f9.jpg
ca028c3a,Crystal Pieces,Tigo,Alter Carbon,https://cdn.keycap-archivist.com/keycaps/ca028c3a.jpg
645e2aee,Crystal Pieces,Tigo,Alter Carbon (crystal),https://cdn.keycap-archivist.com/keycaps/645e2aee.jpg
a653a9e6,Crystal Pieces,Tigo,Alter Carbon (nuclear),https://cdn.keycap-archivist.com/keycaps/a653a9e6.jpg
f4b980d5,Crystal Pieces,Tigo,Alter Carbon (milky),https://cdn.keycap-archivist.com/keycaps/f4b980d5.jpg
61b9b7d,Crystal Pieces,Tigo,Alter Carbon (carrot),https://cdn.keycap-archivist.com/keycaps/61b9b7d.jpg
824494d5,Crystal Pieces,Tigo,Dream-Scout,https://cdn.keycap-archivist.com/keycaps/824494d5.jpg
e4afd813,Crystal Pieces,Tigo,Dream-Scout (ocean),https://cdn.keycap-archivist.com/keycaps/e4afd813.jpg
13c102ff,Crystal Pieces,Tigo,Dream-Scout (lava),https://cdn.keycap-archivist.com/keycaps/13c102ff.jpg
da3e8272,Crystal Pieces,Tigo,Dream-Scout (glacier),https://cdn.keycap-archivist.com/keycaps/da3e8272.jpg
67ae05d0,Crystal Pieces,Tigo,MeTigo,https://cdn.keycap-archivist.com/keycaps/67ae05d0.jpg
73c4965d,Crystal Pieces,Tigo,MeTigo (crystal),https://cdn.keycap-archivist.com/keycaps/73c4965d.jpg
d974d224,Crystal Pieces,Tigo,MeTigo (holo),https://cdn.keycap-archivist.com/keycaps/d974d224.jpg
16f5927f,Crystal Pieces,Tigo,MeTigo (nuclear),https://cdn.keycap-archivist.com/keycaps/16f5927f.jpg
d83d71dc,Crystal Pieces,Tigo,Aquanaut,https://cdn.keycap-archivist.com/keycaps/d83d71dc.jpg
ff39a223,Crystal Pieces,Tigo,Aquanaut (crystal),https://cdn.keycap-archivist.com/keycaps/ff39a223.jpg
280fa2f8,Crystal Pieces,Tigo,Aquanaut (holo),https://cdn.keycap-archivist.com/keycaps/280fa2f8.jpg
39553246,Crystal Pieces,Tigo,Aquanaut (nuclear),https://cdn.keycap-archivist.com/keycaps/39553246.jpg
b4e1d760,Crystal Pieces,Tigo,Uveon,https://cdn.keycap-archivist.com/keycaps/b4e1d760.jpg
8ae35ea1,Crystal Pieces,Tigo,Uveon (crystal),https://cdn.keycap-archivist.com/keycaps/8ae35ea1.jpg
87b400af,Crystal Pieces,Tigo,Uveon (holo),https://cdn.keycap-archivist.com/keycaps/87b400af.jpg
82f69943,Crystal Pieces,Tigo,Uveon (nuclear),https://cdn.keycap-archivist.com/keycaps/82f69943.jpg
c970f8ad,Crystal Pieces,Tigo,Yelana,https://cdn.keycap-archivist.com/keycaps/c970f8ad.jpg
11ffcc7,Crystal Pieces,Tigo,Yelana (crystal),https://cdn.keycap-archivist.com/keycaps/11ffcc7.jpg
c93060d4,Crystal Pieces,Tigo,Yelana (holo),https://cdn.keycap-archivist.com/keycaps/c93060d4.jpg
62bdb56b,Crystal Pieces,Tigo,Yelana (nuclear),https://cdn.keycap-archivist.com/keycaps/62bdb56b.jpg
3e8bb328,Crystal Pieces,Tigo,Svemir,https://cdn.keycap-archivist.com/keycaps/3e8bb328.jpg
d5d69e5f,Crystal Pieces,Tigo,Svemir (crystal),https://cdn.keycap-archivist.com/keycaps/d5d69e5f.jpg
3bf6be57,Crystal Pieces,Tigo,Svemir (holo),https://cdn.keycap-archivist.com/keycaps/3bf6be57.jpg
6c2710e2,Crystal Pieces,Tigo,Svemir (nuclear),https://cdn.keycap-archivist.com/keycaps/6c2710e2.jpg
1412479d,Crystal Pieces,Tigo,Geragrass,https://cdn.keycap-archivist.com/keycaps/1412479d.jpg
47ebb717,Crystal Pieces,Tigo,Geragrass (crystal),https://cdn.keycap-archivist.com/keycaps/47ebb717.jpg
1fb97803,Crystal Pieces,Tigo,Geragrass (holo),https://cdn.keycap-archivist.com/keycaps/1fb97803.jpg
6ac591aa,Crystal Pieces,Tigo,Geragrass (nuclear),https://cdn.keycap-archivist.com/keycaps/6ac591aa.jpg
50b0fcaf,Crystal Pieces,Tigo,Geragrass (herbaceous),https://cdn.keycap-archivist.com/keycaps/50b0fcaf.jpg
43f53589,Crystal Pieces,Tigo,Inferno,https://cdn.keycap-archivist.com/keycaps/43f53589.jpg
7309f9f7,Crystal Pieces,Tigo,Inferno (crystal),https://cdn.keycap-archivist.com/keycaps/7309f9f7.jpg
4661a4c6,Crystal Pieces,Tigo,Inferno (holo),https://cdn.keycap-archivist.com/keycaps/4661a4c6.jpg
d7d6069f,Crystal Pieces,Tigo,Inferno (nuclear),https://cdn.keycap-archivist.com/keycaps/d7d6069f.jpg
167d8de7,Crystal Pieces,Tigo,Inferno (ignited),https://cdn.keycap-archivist.com/keycaps/167d8de7.jpg
6cfb0a51,Crystal Pieces,Tigo,Waterio,https://cdn.keycap-archivist.com/keycaps/6cfb0a51.jpg
6e65d8f4,Crystal Pieces,Tigo,Waterio (crystal),https://cdn.keycap-archivist.com/keycaps/6e65d8f4.jpg
eca26c3,Crystal Pieces,Tigo,Waterio (holo),https://cdn.keycap-archivist.com/keycaps/eca26c3.jpg
ae61156b,Crystal Pieces,Tigo,Waterio (nuclear),https://cdn.keycap-archivist.com/keycaps/ae61156b.jpg
e8aff930,Crystal Pieces,Tigo,Waterio (oceana),https://cdn.keycap-archivist.com/keycaps/e8aff930.jpg
ac271cc4,Crystal Pieces,Tigo,Sub-Zero,https://cdn.keycap-archivist.com/keycaps/ac271cc4.jpg
87fe1a5b,Crystal Pieces,Tigo,Sub-Zero (crystal),https://cdn.keycap-archivist.com/keycaps/87fe1a5b.jpg
227798cb,Crystal Pieces,Tigo,Sub-Zero (holo),https://cdn.keycap-archivist.com/keycaps/227798cb.jpg
9a5d9db,Crystal Pieces,Tigo,Sub-Zero (nuclear),https://cdn.keycap-archivist.com/keycaps/9a5d9db.jpg
e466712b,Crystal Pieces,Tigo,Sub-Zero (frozen),https://cdn.keycap-archivist.com/keycaps/e466712b.jpg
88a19188,Crystal Pieces,Tigo,Pika (holo),https://cdn.keycap-archivist.com/keycaps/88a19188.jpg
cae7ba86,Crystal Pieces,Tigo,Pika (nuclear),https://cdn.keycap-archivist.com/keycaps/cae7ba86.jpg
725f1fd9,Crystal Pieces,Tigo,Pika (electro),https://cdn.keycap-archivist.com/keycaps/725f1fd9.jpg
682f3a7b,Crystal Pieces,Tigo,Lunar,https://cdn.keycap-archivist.com/keycaps/682f3a7b.jpg
da963ba2,Crystal Pieces,Tigo (Website version),Cavendish,https://cdn.keycap-archivist.com/keycaps/da963ba2.jpg
a2a8bde1,Crystal Pieces,Tigo (Website version),Hydrangea,https://cdn.keycap-archivist.com/keycaps/a2a8bde1.jpg
e4b36eb3,Crystal Pieces,Tigo (Website version),Maya,https://cdn.keycap-archivist.com/keycaps/e4b36eb3.jpg
abfad204,Crystal Pieces,Tigo (Website version),Obsidian,https://cdn.keycap-archivist.com/keycaps/abfad204.jpg
5c27549c,Crystal Pieces,Tigo (Website version),Radish,https://cdn.keycap-archivist.com/keycaps/5c27549c.jpg
941102cf,Crystal Pieces,Tigo (Website version),Taro,https://cdn.keycap-archivist.com/keycaps/941102cf.jpg
a4e6f402,Crystal Pieces,Chiko Chiko,Dandelion,https://cdn.keycap-archivist.com/keycaps/a4e6f402.jpg
82ef1619,Crystal Pieces,Chiko Chiko,Serenity,https://cdn.keycap-archivist.com/keycaps/82ef1619.jpg
e566a740,Crystal Pieces,Chiko Chiko,Alabaster,https://cdn.keycap-archivist.com/keycaps/e566a740.jpg
fb76e78e,Crystal Pieces,Chiko Chiko,Cherry,https://cdn.keycap-archivist.com/keycaps/fb76e78e.jpg
69729c67,Crystal Pieces,Chiko Chiko,Flamingo,https://cdn.keycap-archivist.com/keycaps/69729c67.jpg
3341ad3,Crystal Pieces,Chiko Chiko,Amethyst,https://cdn.keycap-archivist.com/keycaps/3341ad3.jpg
7fbd57c,Crystal Pieces,Coral Bay (1u DOM),Azure,https://cdn.keycap-archivist.com/keycaps/7fbd57c.jpg
8b0a796,Crystal Pieces,Coral Bay (1u DOM),Crimson,https://cdn.keycap-archivist.com/keycaps/8b0a796.jpg
b33eb8f0,Crystal Pieces,Coral Bay (1u DOM),Marmalade,https://cdn.keycap-archivist.com/keycaps/b33eb8f0.jpg
b476374d,Crystal Pieces,Coral Bay (1u DOM),Mauve,https://cdn.keycap-archivist.com/keycaps/b476374d.jpg
2e8501d3,Crystal Pieces,Coral Bay (1u DOM),Onyx,https://cdn.keycap-archivist.com/keycaps/2e8501d3.jpg
bfe9f61e,Crystal Pieces,Coral Bay (1u DOM),Rouge,https://cdn.keycap-archivist.com/keycaps/bfe9f61e.jpg
37546edf,Crystal Pieces,Coral Bay (1u DOM),Sandy,https://cdn.keycap-archivist.com/keycaps/37546edf.jpg
1639eec9,Crystal Pieces,Coral Bay (1u DOM),Shamrock,https://cdn.keycap-archivist.com/keycaps/1639eec9.jpg
608d56fd,Crystal Pieces,Coral Bay (1u SA),Azure,https://cdn.keycap-archivist.com/keycaps/608d56fd.jpg
bcab5b65,Crystal Pieces,Coral Bay (1u SA),Crimson,https://cdn.keycap-archivist.com/keycaps/bcab5b65.jpg
9f566d11,Crystal Pieces,Coral Bay (1u SA),Marmalade,https://cdn.keycap-archivist.com/keycaps/9f566d11.jpg
bb62ecf0,Crystal Pieces,Coral Bay (1u SA),Mauve,https://cdn.keycap-archivist.com/keycaps/bb62ecf0.jpg
5c9216d8,Crystal Pieces,Coral Bay (1u SA),Onyx,https://cdn.keycap-archivist.com/keycaps/5c9216d8.jpg
bb5f8485,Crystal Pieces,Coral Bay (1u SA),Rouge,https://cdn.keycap-archivist.com/keycaps/bb5f8485.jpg
1a8c10b2,Crystal Pieces,Coral Bay (1u SA),Sandy,https://cdn.keycap-archivist.com/keycaps/1a8c10b2.jpg
8989e95e,Crystal Pieces,Coral Bay (1u SA),Shamrock,https://cdn.keycap-archivist.com/keycaps/8989e95e.jpg
2719f623,Crystal Pieces,Coral Reef (2.25u),Azure,https://cdn.keycap-archivist.com/keycaps/2719f623.jpg
198045e5,Crystal Pieces,Coral Reef (2.25u),Crimson,https://cdn.keycap-archivist.com/keycaps/198045e5.jpg
d79fdcda,Crystal Pieces,Coral Reef (2.25u),Marmalade,https://cdn.keycap-archivist.com/keycaps/d79fdcda.jpg
4f447047,Crystal Pieces,Coral Reef (2.25u),Mauve,https://cdn.keycap-archivist.com/keycaps/4f447047.jpg
a57f12f4,Crystal Pieces,Coral Reef (2.25u),Onyx,https://cdn.keycap-archivist.com/keycaps/a57f12f4.jpg
b64ebc7a,Crystal Pieces,Coral Reef (2.25u),Rouge,https://cdn.keycap-archivist.com/keycaps/b64ebc7a.jpg
f2e07714,Crystal Pieces,Coral Reef (2.25u),Sandy,https://cdn.keycap-archivist.com/keycaps/f2e07714.jpg
61cd10c2,Crystal Pieces,Coral Reef (2.25u),Shamrock,https://cdn.keycap-archivist.com/keycaps/61cd10c2.jpg
